subject,session,task,run,bold_mni_path,confounds_path,brain_mask_path,bold_exists,confounds_exists,mask_exists,ready_for_analysis
sub-PC001,ses-01,task-rest,run-1,/Users/macbookair/ds006110/derivatives/fmriprep-22.0.2/sub-PC001/ses-01/func/sub-PC001_ses-01_task-rest_run-1_space-MNI152NLin2009cAsym_desc-preproc_bold.nii.gz,/Users/macbookair/ds006110/derivatives/fmriprep-22.0.2/sub-PC001/ses-01/func/sub-PC001_ses-01_task-rest_run-1_desc-confounds_timeseries.tsv,/Users/macbookair/ds006110/derivatives/fmriprep-22.0.2/sub-PC001/ses-01/func/sub-PC001_ses-01_task-rest_run-1_space-MNI152NLin2009cAsym_desc-brain_mask.nii.gz,False,False,False,True
sub-PC001,ses-02,task-rest,run-1,/Users/macbookair/ds006110/derivatives/fmriprep-22.0.2/sub-PC001/ses-02/func/sub-PC001_ses-02_task-rest_run-1_space-MNI152NLin2009cAsym_desc-preproc_bold.nii.gz,/Users/macbookair/ds006110/derivatives/fmriprep-22.0.2/sub-PC001/ses-02/func/sub-PC001_ses-02_task-rest_run-1_desc-confounds_timeseries.tsv,/Users/macbookair/ds006110/derivatives/fmriprep-22.0.2/sub-PC001/ses-02/func/sub-PC001_ses-02_task-rest_run-1_space-MNI152NLin2009cAsym_desc-brain_mask.nii.gz,False,False,False,True
sub-PC002,ses-01,task-rest,run-1,/Users/macbookair/ds006110/derivatives/fmriprep-22.0.2/sub-PC002/ses-01/func/sub-PC002_ses-01_task-rest_run-1_space-MNI152NLin2009cAsym_desc-preproc_bold.nii.gz,/Users/macbookair/ds006110/derivatives/fmriprep-22.0.2/sub-PC002/ses-01/func/sub-PC002_ses-01_task-rest_run-1_desc-confounds_timeseries.tsv,/Users/macbookair/ds006110/derivatives/fmriprep-22.0.2/sub-PC002/ses-01/func/sub-PC002_ses-01_task-rest_run-1_space-MNI152NLin2009cAsym_desc-brain_mask.nii.gz,False,False,False,True
sub-PC002,ses-02,task-rest,run-1,/Users/macbookair/ds006110/derivatives/fmriprep-22.0.2/sub-PC002/ses-02/func/sub-PC002_ses-02_task-rest_run-1_space-MNI152NLin2009cAsym_desc-preproc_bold.nii.gz,/Users/macbookair/ds006110/derivatives/fmriprep-22.0.2/sub-PC002/ses-02/func/sub-PC002_ses-02_task-rest_run-1_desc-confounds_timeseries.tsv,/Users/macbookair/ds006110/derivatives/fmriprep-22.0.2/sub-PC002/ses-02/func/sub-PC002_ses-02_task-rest_run-1_space-MNI152NLin2009cAsym_desc-brain_mask.nii.gz,False,False,False,True
sub-PC003,ses-01,task-rest,run-1,/Users/macbookair/ds006110/derivatives/fmriprep-22.0.2/sub-PC003/ses-01/func/sub-PC003_ses-01_task-rest_run-1_space-MNI152NLin2009cAsym_desc-preproc_bold.nii.gz,/Users/macbookair/ds006110/derivatives/fmriprep-22.0.2/sub-PC003/ses-01/func/sub-PC003_ses-01_task-rest_run-1_desc-confounds_timeseries.tsv,/Users/macbookair/ds006110/derivatives/fmriprep-22.0.2/sub-PC003/ses-01/func/sub-PC003_ses-01_task-rest_run-1_space-MNI152NLin2009cAsym_desc-brain_mask.nii.gz,False,False,False,True
sub-PC003,ses-02,task-rest,run-1,/Users/macbookair/ds006110/derivatives/fmriprep-22.0.2/sub-PC003/ses-02/func/sub-PC003_ses-02_task-rest_run-1_space-MNI152NLin2009cAsym_desc-preproc_bold.nii.gz,/Users/macbookair/ds006110/derivatives/fmriprep-22.0.2/sub-PC003/ses-02/func/sub-PC003_ses-02_task-rest_run-1_desc-confounds_timeseries.tsv,/Users/macbookair/ds006110/derivatives/fmriprep-22.0.2/sub-PC003/ses-02/func/sub-PC003_ses-02_task-rest_run-1_space-MNI152NLin2009cAsym_desc-brain_mask.nii.gz,False,False,False,True
sub-PC004,ses-01,task-rest,run-1,/Users/macbookair/ds006110/derivatives/fmriprep-22.0.2/sub-PC004/ses-01/func/sub-PC004_ses-01_task-rest_run-1_space-MNI152NLin2009cAsym_desc-preproc_bold.nii.gz,/Users/macbookair/ds006110/derivatives/fmriprep-22.0.2/sub-PC004/ses-01/func/sub-PC004_ses-01_task-rest_run-1_desc-confounds_timeseries.tsv,/Users/macbookair/ds006110/derivatives/fmriprep-22.0.2/sub-PC004/ses-01/func/sub-PC004_ses-01_task-rest_run-1_space-MNI152NLin2009cAsym_desc-brain_mask.nii.gz,False,False,False,True
sub-PC004,ses-02,task-rest,run-1,/Users/macbookair/ds006110/derivatives/fmriprep-22.0.2/sub-PC004/ses-02/func/sub-PC004_ses-02_task-rest_run-1_space-MNI152NLin2009cAsym_desc-preproc_bold.nii.gz,/Users/macbookair/ds006110/derivatives/fmriprep-22.0.2/sub-PC004/ses-02/func/sub-PC004_ses-02_task-rest_run-1_desc-confounds_timeseries.tsv,/Users/macbookair/ds006110/derivatives/fmriprep-22.0.2/sub-PC004/ses-02/func/sub-PC004_ses-02_task-rest_run-1_space-MNI152NLin2009cAsym_desc-brain_mask.nii.gz,False,False,False,True
sub-PC005,ses-01,task-rest,run-1,/Users/macbookair/ds006110/derivatives/fmriprep-22.0.2/sub-PC005/ses-01/func/sub-PC005_ses-01_task-rest_run-1_space-MNI152NLin2009cAsym_desc-preproc_bold.nii.gz,/Users/macbookair/ds006110/derivatives/fmriprep-22.0.2/sub-PC005/ses-01/func/sub-PC005_ses-01_task-rest_run-1_desc-confounds_timeseries.tsv,/Users/macbookair/ds006110/derivatives/fmriprep-22.0.2/sub-PC005/ses-01/func/sub-PC005_ses-01_task-rest_run-1_space-MNI152NLin2009cAsym_desc-brain_mask.nii.gz,False,False,False,True
sub-PC005,ses-02,task-rest,run-1,/Users/macbookair/ds006110/derivatives/fmriprep-22.0.2/sub-PC005/ses-02/func/sub-PC005_ses-02_task-rest_run-1_space-MNI152NLin2009cAsym_desc-preproc_bold.nii.gz,/Users/macbookair/ds006110/derivatives/fmriprep-22.0.2/sub-PC005/ses-02/func/sub-PC005_ses-02_task-rest_run-1_desc-confounds_timeseries.tsv,/Users/macbookair/ds006110/derivatives/fmriprep-22.0.2/sub-PC005/ses-02/func/sub-PC005_ses-02_task-rest_run-1_space-MNI152NLin2009cAsym_desc-brain_mask.nii.gz,False,False,False,True
sub-PC006,ses-01,task-rest,run-1,/Users/macbookair/ds006110/derivatives/fmriprep-22.0.2/sub-PC006/ses-01/func/sub-PC006_ses-01_task-rest_run-1_space-MNI152NLin2009cAsym_desc-preproc_bold.nii.gz,/Users/macbookair/ds006110/derivatives/fmriprep-22.0.2/sub-PC006/ses-01/func/sub-PC006_ses-01_task-rest_run-1_desc-confounds_timeseries.tsv,/Users/macbookair/ds006110/derivatives/fmriprep-22.0.2/sub-PC006/ses-01/func/sub-PC006_ses-01_task-rest_run-1_space-MNI152NLin2009cAsym_desc-brain_mask.nii.gz,False,False,False,True
sub-PC006,ses-02,task-rest,run-1,/Users/macbookair/ds006110/derivatives/fmriprep-22.0.2/sub-PC006/ses-02/func/sub-PC006_ses-02_task-rest_run-1_space-MNI152NLin2009cAsym_desc-preproc_bold.nii.gz,/Users/macbookair/ds006110/derivatives/fmriprep-22.0.2/sub-PC006/ses-02/func/sub-PC006_ses-02_task-rest_run-1_desc-confounds_timeseries.tsv,/Users/macbookair/ds006110/derivatives/fmriprep-22.0.2/sub-PC006/ses-02/func/sub-PC006_ses-02_task-rest_run-1_space-MNI152NLin2009cAsym_desc-brain_mask.nii.gz,False,False,False,True
sub-PC007,ses-01,task-rest,run-1,/Users/macbookair/ds006110/derivatives/fmriprep-22.0.2/sub-PC007/ses-01/func/sub-PC007_ses-01_task-rest_run-1_space-MNI152NLin2009cAsym_desc-preproc_bold.nii.gz,/Users/macbookair/ds006110/derivatives/fmriprep-22.0.2/sub-PC007/ses-01/func/sub-PC007_ses-01_task-rest_run-1_desc-confounds_timeseries.tsv,/Users/macbookair/ds006110/derivatives/fmriprep-22.0.2/sub-PC007/ses-01/func/sub-PC007_ses-01_task-rest_run-1_space-MNI152NLin2009cAsym_desc-brain_mask.nii.gz,False,False,False,True
sub-PC007,ses-02,task-rest,run-1,/Users/macbookair/ds006110/derivatives/fmriprep-22.0.2/sub-PC007/ses-02/func/sub-PC007_ses-02_task-rest_run-1_space-MNI152NLin2009cAsym_desc-preproc_bold.nii.gz,/Users/macbookair/ds006110/derivatives/fmriprep-22.0.2/sub-PC007/ses-02/func/sub-PC007_ses-02_task-rest_run-1_desc-confounds_timeseries.tsv,/Users/macbookair/ds006110/derivatives/fmriprep-22.0.2/sub-PC007/ses-02/func/sub-PC007_ses-02_task-rest_run-1_space-MNI152NLin2009cAsym_desc-brain_mask.nii.gz,False,False,False,True
sub-PC008,ses-01,task-rest,run-1,/Users/macbookair/ds006110/derivatives/fmriprep-22.0.2/sub-PC008/ses-01/func/sub-PC008_ses-01_task-rest_run-1_space-MNI152NLin2009cAsym_desc-preproc_bold.nii.gz,/Users/macbookair/ds006110/derivatives/fmriprep-22.0.2/sub-PC008/ses-01/func/sub-PC008_ses-01_task-rest_run-1_desc-confounds_timeseries.tsv,/Users/macbookair/ds006110/derivatives/fmriprep-22.0.2/sub-PC008/ses-01/func/sub-PC008_ses-01_task-rest_run-1_space-MNI152NLin2009cAsym_desc-brain_mask.nii.gz,False,False,False,True
sub-PC008,ses-02,task-rest,run-1,/Users/macbookair/ds006110/derivatives/fmriprep-22.0.2/sub-PC008/ses-02/func/sub-PC008_ses-02_task-rest_run-1_space-MNI152NLin2009cAsym_desc-preproc_bold.nii.gz,/Users/macbookair/ds006110/derivatives/fmriprep-22.0.2/sub-PC008/ses-02/func/sub-PC008_ses-02_task-rest_run-1_desc-confounds_timeseries.tsv,/Users/macbookair/ds006110/derivatives/fmriprep-22.0.2/sub-PC008/ses-02/func/sub-PC008_ses-02_task-rest_run-1_space-MNI152NLin2009cAsym_desc-brain_mask.nii.gz,False,False,False,True
sub-PC009,ses-01,task-rest,run-1,/Users/macbookair/ds006110/derivatives/fmriprep-22.0.2/sub-PC009/ses-01/func/sub-PC009_ses-01_task-rest_run-1_space-MNI152NLin2009cAsym_desc-preproc_bold.nii.gz,/Users/macbookair/ds006110/derivatives/fmriprep-22.0.2/sub-PC009/ses-01/func/sub-PC009_ses-01_task-rest_run-1_desc-confounds_timeseries.tsv,/Users/macbookair/ds006110/derivatives/fmriprep-22.0.2/sub-PC009/ses-01/func/sub-PC009_ses-01_task-rest_run-1_space-MNI152NLin2009cAsym_desc-brain_mask.nii.gz,False,False,False,True
sub-PC009,ses-02,task-rest,run-1,/Users/macbookair/ds006110/derivatives/fmriprep-22.0.2/sub-PC009/ses-02/func/sub-PC009_ses-02_task-rest_run-1_space-MNI152NLin2009cAsym_desc-preproc_bold.nii.gz,/Users/macbookair/ds006110/derivatives/fmriprep-22.0.2/sub-PC009/ses-02/func/sub-PC009_ses-02_task-rest_run-1_desc-confounds_timeseries.tsv,/Users/macbookair/ds006110/derivatives/fmriprep-22.0.2/sub-PC009/ses-02/func/sub-PC009_ses-02_task-rest_run-1_space-MNI152NLin2009cAsym_desc-brain_mask.nii.gz,False,False,False,True
sub-PC010,ses-01,task-rest,run-1,/Users/macbookair/ds006110/derivatives/fmriprep-22.0.2/sub-PC010/ses-01/func/sub-PC010_ses-01_task-rest_run-1_space-MNI152NLin2009cAsym_desc-preproc_bold.nii.gz,/Users/macbookair/ds006110/derivatives/fmriprep-22.0.2/sub-PC010/ses-01/func/sub-PC010_ses-01_task-rest_run-1_desc-confounds_timeseries.tsv,/Users/macbookair/ds006110/derivatives/fmriprep-22.0.2/sub-PC010/ses-01/func/sub-PC010_ses-01_task-rest_run-1_space-MNI152NLin2009cAsym_desc-brain_mask.nii.gz,False,False,False,True
sub-PC010,ses-02,task-rest,run-1,/Users/macbookair/ds006110/derivatives/fmriprep-22.0.2/sub-PC010/ses-02/func/sub-PC010_ses-02_task-rest_run-1_space-MNI152NLin2009cAsym_desc-preproc_bold.nii.gz,/Users/macbookair/ds006110/derivatives/fmriprep-22.0.2/sub-PC010/ses-02/func/sub-PC010_ses-02_task-rest_run-1_desc-confounds_timeseries.tsv,/Users/macbookair/ds006110/derivatives/fmriprep-22.0.2/sub-PC010/ses-02/func/sub-PC010_ses-02_task-rest_run-1_space-MNI152NLin2009cAsym_desc-brain_mask.nii.gz,False,False,False,True
sub-PC011,ses-01,task-rest,run-1,/Users/macbookair/ds006110/derivatives/fmriprep-22.0.2/sub-PC011/ses-01/func/sub-PC011_ses-01_task-rest_run-1_space-MNI152NLin2009cAsym_desc-preproc_bold.nii.gz,/Users/macbookair/ds006110/derivatives/fmriprep-22.0.2/sub-PC011/ses-01/func/sub-PC011_ses-01_task-rest_run-1_desc-confounds_timeseries.tsv,/Users/macbookair/ds006110/derivatives/fmriprep-22.0.2/sub-PC011/ses-01/func/sub-PC011_ses-01_task-rest_run-1_space-MNI152NLin2009cAsym_desc-brain_mask.nii.gz,False,False,False,True
sub-PC011,ses-02,task-rest,run-1,/Users/macbookair/ds006110/derivatives/fmriprep-22.0.2/sub-PC011/ses-02/func/sub-PC011_ses-02_task-rest_run-1_space-MNI152NLin2009cAsym_desc-preproc_bold.nii.gz,/Users/macbookair/ds006110/derivatives/fmriprep-22.0.2/sub-PC011/ses-02/func/sub-PC011_ses-02_task-rest_run-1_desc-confounds_timeseries.tsv,/Users/macbookair/ds006110/derivatives/fmriprep-22.0.2/sub-PC011/ses-02/func/sub-PC011_ses-02_task-rest_run-1_space-MNI152NLin2009cAsym_desc-brain_mask.nii.gz,False,False,False,True
sub-PC012,ses-01,task-rest,run-1,/Users/macbookair/ds006110/derivatives/fmriprep-22.0.2/sub-PC012/ses-01/func/sub-PC012_ses-01_task-rest_run-1_space-MNI152NLin2009cAsym_desc-preproc_bold.nii.gz,/Users/macbookair/ds006110/derivatives/fmriprep-22.0.2/sub-PC012/ses-01/func/sub-PC012_ses-01_task-rest_run-1_desc-confounds_timeseries.tsv,/Users/macbookair/ds006110/derivatives/fmriprep-22.0.2/sub-PC012/ses-01/func/sub-PC012_ses-01_task-rest_run-1_space-MNI152NLin2009cAsym_desc-brain_mask.nii.gz,False,False,False,True
sub-PC012,ses-02,task-rest,run-1,/Users/macbookair/ds006110/derivatives/fmriprep-22.0.2/sub-PC012/ses-02/func/sub-PC012_ses-02_task-rest_run-1_space-MNI152NLin2009cAsym_desc-preproc_bold.nii.gz,/Users/macbookair/ds006110/derivatives/fmriprep-22.0.2/sub-PC012/ses-02/func/sub-PC012_ses-02_task-rest_run-1_desc-confounds_timeseries.tsv,/Users/macbookair/ds006110/derivatives/fmriprep-22.0.2/sub-PC012/ses-02/func/sub-PC012_ses-02_task-rest_run-1_space-MNI152NLin2009cAsym_desc-brain_mask.nii.gz,False,False,False,True
sub-PC013,ses-01,task-rest,run-1,/Users/macbookair/ds006110/derivatives/fmriprep-22.0.2/sub-PC013/ses-01/func/sub-PC013_ses-01_task-rest_run-1_space-MNI152NLin2009cAsym_desc-preproc_bold.nii.gz,/Users/macbookair/ds006110/derivatives/fmriprep-22.0.2/sub-PC013/ses-01/func/sub-PC013_ses-01_task-rest_run-1_desc-confounds_timeseries.tsv,/Users/macbookair/ds006110/derivatives/fmriprep-22.0.2/sub-PC013/ses-01/func/sub-PC013_ses-01_task-rest_run-1_space-MNI152NLin2009cAsym_desc-brain_mask.nii.gz,False,False,False,True
sub-PC013,ses-02,task-rest,run-1,/Users/macbookair/ds006110/derivatives/fmriprep-22.0.2/sub-PC013/ses-02/func/sub-PC013_ses-02_task-rest_run-1_space-MNI152NLin2009cAsym_desc-preproc_bold.nii.gz,/Users/macbookair/ds006110/derivatives/fmriprep-22.0.2/sub-PC013/ses-02/func/sub-PC013_ses-02_task-rest_run-1_desc-confounds_timeseries.tsv,/Users/macbookair/ds006110/derivatives/fmriprep-22.0.2/sub-PC013/ses-02/func/sub-PC013_ses-02_task-rest_run-1_space-MNI152NLin2009cAsym_desc-brain_mask.nii.gz,False,False,False,True
sub-PC014,ses-01,task-rest,run-1,/Users/macbookair/ds006110/derivatives/fmriprep-22.0.2/sub-PC014/ses-01/func/sub-PC014_ses-01_task-rest_run-1_space-MNI152NLin2009cAsym_desc-preproc_bold.nii.gz,/Users/macbookair/ds006110/derivatives/fmriprep-22.0.2/sub-PC014/ses-01/func/sub-PC014_ses-01_task-rest_run-1_desc-confounds_timeseries.tsv,/Users/macbookair/ds006110/derivatives/fmriprep-22.0.2/sub-PC014/ses-01/func/sub-PC014_ses-01_task-rest_run-1_space-MNI152NLin2009cAsym_desc-brain_mask.nii.gz,False,False,False,True
sub-PC014,ses-02,task-rest,run-1,/Users/macbookair/ds006110/derivatives/fmriprep-22.0.2/sub-PC014/ses-02/func/sub-PC014_ses-02_task-rest_run-1_space-MNI152NLin2009cAsym_desc-preproc_bold.nii.gz,/Users/macbookair/ds006110/derivatives/fmriprep-22.0.2/sub-PC014/ses-02/func/sub-PC014_ses-02_task-rest_run-1_desc-confounds_timeseries.tsv,/Users/macbookair/ds006110/derivatives/fmriprep-22.0.2/sub-PC014/ses-02/func/sub-PC014_ses-02_task-rest_run-1_space-MNI152NLin2009cAsym_desc-brain_mask.nii.gz,False,False,False,True
sub-PC015,ses-01,task-rest,run-1,/Users/macbookair/ds006110/derivatives/fmriprep-22.0.2/sub-PC015/ses-01/func/sub-PC015_ses-01_task-rest_run-1_space-MNI152NLin2009cAsym_desc-preproc_bold.nii.gz,/Users/macbookair/ds006110/derivatives/fmriprep-22.0.2/sub-PC015/ses-01/func/sub-PC015_ses-01_task-rest_run-1_desc-confounds_timeseries.tsv,/Users/macbookair/ds006110/derivatives/fmriprep-22.0.2/sub-PC015/ses-01/func/sub-PC015_ses-01_task-rest_run-1_space-MNI152NLin2009cAsym_desc-brain_mask.nii.gz,False,False,False,True
sub-PC015,ses-02,task-rest,run-1,/Users/macbookair/ds006110/derivatives/fmriprep-22.0.2/sub-PC015/ses-02/func/sub-PC015_ses-02_task-rest_run-1_space-MNI152NLin2009cAsym_desc-preproc_bold.nii.gz,/Users/macbookair/ds006110/derivatives/fmriprep-22.0.2/sub-PC015/ses-02/func/sub-PC015_ses-02_task-rest_run-1_desc-confounds_timeseries.tsv,/Users/macbookair/ds006110/derivatives/fmriprep-22.0.2/sub-PC015/ses-02/func/sub-PC015_ses-02_task-rest_run-1_space-MNI152NLin2009cAsym_desc-brain_mask.nii.gz,False,False,False,True
sub-PC016,ses-01,task-rest,run-1,/Users/macbookair/ds006110/derivatives/fmriprep-22.0.2/sub-PC016/ses-01/func/sub-PC016_ses-01_task-rest_run-1_space-MNI152NLin2009cAsym_desc-preproc_bold.nii.gz,/Users/macbookair/ds006110/derivatives/fmriprep-22.0.2/sub-PC016/ses-01/func/sub-PC016_ses-01_task-rest_run-1_desc-confounds_timeseries.tsv,/Users/macbookair/ds006110/derivatives/fmriprep-22.0.2/sub-PC016/ses-01/func/sub-PC016_ses-01_task-rest_run-1_space-MNI152NLin2009cAsym_desc-brain_mask.nii.gz,False,False,False,True
sub-PC017,ses-01,task-rest,run-1,/Users/macbookair/ds006110/derivatives/fmriprep-22.0.2/sub-PC017/ses-01/func/sub-PC017_ses-01_task-rest_run-1_space-MNI152NLin2009cAsym_desc-preproc_bold.nii.gz,/Users/macbookair/ds006110/derivatives/fmriprep-22.0.2/sub-PC017/ses-01/func/sub-PC017_ses-01_task-rest_run-1_desc-confounds_timeseries.tsv,/Users/macbookair/ds006110/derivatives/fmriprep-22.0.2/sub-PC017/ses-01/func/sub-PC017_ses-01_task-rest_run-1_space-MNI152NLin2009cAsym_desc-brain_mask.nii.gz,False,False,False,True
sub-PC017,ses-02,task-rest,run-1,/Users/macbookair/ds006110/derivatives/fmriprep-22.0.2/sub-PC017/ses-02/func/sub-PC017_ses-02_task-rest_run-1_space-MNI152NLin2009cAsym_desc-preproc_bold.nii.gz,/Users/macbookair/ds006110/derivatives/fmriprep-22.0.2/sub-PC017/ses-02/func/sub-PC017_ses-02_task-rest_run-1_desc-confounds_timeseries.tsv,/Users/macbookair/ds006110/derivatives/fmriprep-22.0.2/sub-PC017/ses-02/func/sub-PC017_ses-02_task-rest_run-1_space-MNI152NLin2009cAsym_desc-brain_mask.nii.gz,False,False,False,True
sub-PC018,ses-01,task-rest,run-1,/Users/macbookair/ds006110/derivatives/fmriprep-22.0.2/sub-PC018/ses-01/func/sub-PC018_ses-01_task-rest_run-1_space-MNI152NLin2009cAsym_desc-preproc_bold.nii.gz,/Users/macbookair/ds006110/derivatives/fmriprep-22.0.2/sub-PC018/ses-01/func/sub-PC018_ses-01_task-rest_run-1_desc-confounds_timeseries.tsv,/Users/macbookair/ds006110/derivatives/fmriprep-22.0.2/sub-PC018/ses-01/func/sub-PC018_ses-01_task-rest_run-1_space-MNI152NLin2009cAsym_desc-brain_mask.nii.gz,False,False,False,True
sub-PC018,ses-02,task-rest,run-1,/Users/macbookair/ds006110/derivatives/fmriprep-22.0.2/sub-PC018/ses-02/func/sub-PC018_ses-02_task-rest_run-1_space-MNI152NLin2009cAsym_desc-preproc_bold.nii.gz,/Users/macbookair/ds006110/derivatives/fmriprep-22.0.2/sub-PC018/ses-02/func/sub-PC018_ses-02_task-rest_run-1_desc-confounds_timeseries.tsv,/Users/macbookair/ds006110/derivatives/fmriprep-22.0.2/sub-PC018/ses-02/func/sub-PC018_ses-02_task-rest_run-1_space-MNI152NLin2009cAsym_desc-brain_mask.nii.gz,False,False,False,True
sub-PC019,ses-01,task-rest,run-1,/Users/macbookair/ds006110/derivatives/fmriprep-22.0.2/sub-PC019/ses-01/func/sub-PC019_ses-01_task-rest_run-1_space-MNI152NLin2009cAsym_desc-preproc_bold.nii.gz,/Users/macbookair/ds006110/derivatives/fmriprep-22.0.2/sub-PC019/ses-01/func/sub-PC019_ses-01_task-rest_run-1_desc-confounds_timeseries.tsv,/Users/macbookair/ds006110/derivatives/fmriprep-22.0.2/sub-PC019/ses-01/func/sub-PC019_ses-01_task-rest_run-1_space-MNI152NLin2009cAsym_desc-brain_mask.nii.gz,False,False,False,True
sub-PC019,ses-02,task-rest,run-1,/Users/macbookair/ds006110/derivatives/fmriprep-22.0.2/sub-PC019/ses-02/func/sub-PC019_ses-02_task-rest_run-1_space-MNI152NLin2009cAsym_desc-preproc_bold.nii.gz,/Users/macbookair/ds006110/derivatives/fmriprep-22.0.2/sub-PC019/ses-02/func/sub-PC019_ses-02_task-rest_run-1_desc-confounds_timeseries.tsv,/Users/macbookair/ds006110/derivatives/fmriprep-22.0.2/sub-PC019/ses-02/func/sub-PC019_ses-02_task-rest_run-1_space-MNI152NLin2009cAsym_desc-brain_mask.nii.gz,False,False,False,True
sub-PC020,ses-01,task-rest,run-1,/Users/macbookair/ds006110/derivatives/fmriprep-22.0.2/sub-PC020/ses-01/func/sub-PC020_ses-01_task-rest_run-1_space-MNI152NLin2009cAsym_desc-preproc_bold.nii.gz,/Users/macbookair/ds006110/derivatives/fmriprep-22.0.2/sub-PC020/ses-01/func/sub-PC020_ses-01_task-rest_run-1_desc-confounds_timeseries.tsv,/Users/macbookair/ds006110/derivatives/fmriprep-22.0.2/sub-PC020/ses-01/func/sub-PC020_ses-01_task-rest_run-1_space-MNI152NLin2009cAsym_desc-brain_mask.nii.gz,False,False,False,True
sub-PC020,ses-02,task-rest,run-1,/Users/macbookair/ds006110/derivatives/fmriprep-22.0.2/sub-PC020/ses-02/func/sub-PC020_ses-02_task-rest_run-1_space-MNI152NLin2009cAsym_desc-preproc_bold.nii.gz,/Users/macbookair/ds006110/derivatives/fmriprep-22.0.2/sub-PC020/ses-02/func/sub-PC020_ses-02_task-rest_run-1_desc-confounds_timeseries.tsv,/Users/macbookair/ds006110/derivatives/fmriprep-22.0.2/sub-PC020/ses-02/func/sub-PC020_ses-02_task-rest_run-1_space-MNI152NLin2009cAsym_desc-brain_mask.nii.gz,False,False,False,True
sub-PC021,ses-01,task-rest,run-1,/Users/macbookair/ds006110/derivatives/fmriprep-22.0.2/sub-PC021/ses-01/func/sub-PC021_ses-01_task-rest_run-1_space-MNI152NLin2009cAsym_desc-preproc_bold.nii.gz,/Users/macbookair/ds006110/derivatives/fmriprep-22.0.2/sub-PC021/ses-01/func/sub-PC021_ses-01_task-rest_run-1_desc-confounds_timeseries.tsv,/Users/macbookair/ds006110/derivatives/fmriprep-22.0.2/sub-PC021/ses-01/func/sub-PC021_ses-01_task-rest_run-1_space-MNI152NLin2009cAsym_desc-brain_mask.nii.gz,False,False,False,True
sub-PC021,ses-02,task-rest,run-1,/Users/macbookair/ds006110/derivatives/fmriprep-22.0.2/sub-PC021/ses-02/func/sub-PC021_ses-02_task-rest_run-1_space-MNI152NLin2009cAsym_desc-preproc_bold.nii.gz,/Users/macbookair/ds006110/derivatives/fmriprep-22.0.2/sub-PC021/ses-02/func/sub-PC021_ses-02_task-rest_run-1_desc-confounds_timeseries.tsv,/Users/macbookair/ds006110/derivatives/fmriprep-22.0.2/sub-PC021/ses-02/func/sub-PC021_ses-02_task-rest_run-1_space-MNI152NLin2009cAsym_desc-brain_mask.nii.gz,False,False,False,True
sub-PC022,ses-01,task-rest,run-1,/Users/macbookair/ds006110/derivatives/fmriprep-22.0.2/sub-PC022/ses-01/func/sub-PC022_ses-01_task-rest_run-1_space-MNI152NLin2009cAsym_desc-preproc_bold.nii.gz,/Users/macbookair/ds006110/derivatives/fmriprep-22.0.2/sub-PC022/ses-01/func/sub-PC022_ses-01_task-rest_run-1_desc-confounds_timeseries.tsv,/Users/macbookair/ds006110/derivatives/fmriprep-22.0.2/sub-PC022/ses-01/func/sub-PC022_ses-01_task-rest_run-1_space-MNI152NLin2009cAsym_desc-brain_mask.nii.gz,False,False,False,True
sub-PC022,ses-02,task-rest,run-1,/Users/macbookair/ds006110/derivatives/fmriprep-22.0.2/sub-PC022/ses-02/func/sub-PC022_ses-02_task-rest_run-1_space-MNI152NLin2009cAsym_desc-preproc_bold.nii.gz,/Users/macbookair/ds006110/derivatives/fmriprep-22.0.2/sub-PC022/ses-02/func/sub-PC022_ses-02_task-rest_run-1_desc-confounds_timeseries.tsv,/Users/macbookair/ds006110/derivatives/fmriprep-22.0.2/sub-PC022/ses-02/func/sub-PC022_ses-02_task-rest_run-1_space-MNI152NLin2009cAsym_desc-brain_mask.nii.gz,False,False,False,True
sub-PC023,ses-01,task-rest,run-1,/Users/macbookair/ds006110/derivatives/fmriprep-22.0.2/sub-PC023/ses-01/func/sub-PC023_ses-01_task-rest_run-1_space-MNI152NLin2009cAsym_desc-preproc_bold.nii.gz,/Users/macbookair/ds006110/derivatives/fmriprep-22.0.2/sub-PC023/ses-01/func/sub-PC023_ses-01_task-rest_run-1_desc-confounds_timeseries.tsv,/Users/macbookair/ds006110/derivatives/fmriprep-22.0.2/sub-PC023/ses-01/func/sub-PC023_ses-01_task-rest_run-1_space-MNI152NLin2009cAsym_desc-brain_mask.nii.gz,False,False,False,True
sub-PC023,ses-02,task-rest,run-1,/Users/macbookair/ds006110/derivatives/fmriprep-22.0.2/sub-PC023/ses-02/func/sub-PC023_ses-02_task-rest_run-1_space-MNI152NLin2009cAsym_desc-preproc_bold.nii.gz,/Users/macbookair/ds006110/derivatives/fmriprep-22.0.2/sub-PC023/ses-02/func/sub-PC023_ses-02_task-rest_run-1_desc-confounds_timeseries.tsv,/Users/macbookair/ds006110/derivatives/fmriprep-22.0.2/sub-PC023/ses-02/func/sub-PC023_ses-02_task-rest_run-1_space-MNI152NLin2009cAsym_desc-brain_mask.nii.gz,False,False,False,True
sub-PC024,ses-01,task-rest,run-1,/Users/macbookair/ds006110/derivatives/fmriprep-22.0.2/sub-PC024/ses-01/func/sub-PC024_ses-01_task-rest_run-1_space-MNI152NLin2009cAsym_desc-preproc_bold.nii.gz,/Users/macbookair/ds006110/derivatives/fmriprep-22.0.2/sub-PC024/ses-01/func/sub-PC024_ses-01_task-rest_run-1_desc-confounds_timeseries.tsv,/Users/macbookair/ds006110/derivatives/fmriprep-22.0.2/sub-PC024/ses-01/func/sub-PC024_ses-01_task-rest_run-1_space-MNI152NLin2009cAsym_desc-brain_mask.nii.gz,False,False,False,True
sub-PC025,ses-01,task-rest,run-1,/Users/macbookair/ds006110/derivatives/fmriprep-22.0.2/sub-PC025/ses-01/func/sub-PC025_ses-01_task-rest_run-1_space-MNI152NLin2009cAsym_desc-preproc_bold.nii.gz,/Users/macbookair/ds006110/derivatives/fmriprep-22.0.2/sub-PC025/ses-01/func/sub-PC025_ses-01_task-rest_run-1_desc-confounds_timeseries.tsv,/Users/macbookair/ds006110/derivatives/fmriprep-22.0.2/sub-PC025/ses-01/func/sub-PC025_ses-01_task-rest_run-1_space-MNI152NLin2009cAsym_desc-brain_mask.nii.gz,False,False,False,True
sub-PC025,ses-02,task-rest,run-1,/Users/macbookair/ds006110/derivatives/fmriprep-22.0.2/sub-PC025/ses-02/func/sub-PC025_ses-02_task-rest_run-1_space-MNI152NLin2009cAsym_desc-preproc_bold.nii.gz,/Users/macbookair/ds006110/derivatives/fmriprep-22.0.2/sub-PC025/ses-02/func/sub-PC025_ses-02_task-rest_run-1_desc-confounds_timeseries.tsv,/Users/macbookair/ds006110/derivatives/fmriprep-22.0.2/sub-PC025/ses-02/func/sub-PC025_ses-02_task-rest_run-1_space-MNI152NLin2009cAsym_desc-brain_mask.nii.gz,False,False,False,True
sub-PC026,ses-01,task-rest,run-1,/Users/macbookair/ds006110/derivatives/fmriprep-22.0.2/sub-PC026/ses-01/func/sub-PC026_ses-01_task-rest_run-1_space-MNI152NLin2009cAsym_desc-preproc_bold.nii.gz,/Users/macbookair/ds006110/derivatives/fmriprep-22.0.2/sub-PC026/ses-01/func/sub-PC026_ses-01_task-rest_run-1_desc-confounds_timeseries.tsv,/Users/macbookair/ds006110/derivatives/fmriprep-22.0.2/sub-PC026/ses-01/func/sub-PC026_ses-01_task-rest_run-1_space-MNI152NLin2009cAsym_desc-brain_mask.nii.gz,False,False,False,True
sub-PC026,ses-02,task-rest,run-1,/Users/macbookair/ds006110/derivatives/fmriprep-22.0.2/sub-PC026/ses-02/func/sub-PC026_ses-02_task-rest_run-1_space-MNI152NLin2009cAsym_desc-preproc_bold.nii.gz,/Users/macbookair/ds006110/derivatives/fmriprep-22.0.2/sub-PC026/ses-02/func/sub-PC026_ses-02_task-rest_run-1_desc-confounds_timeseries.tsv,/Users/macbookair/ds006110/derivatives/fmriprep-22.0.2/sub-PC026/ses-02/func/sub-PC026_ses-02_task-rest_run-1_space-MNI152NLin2009cAsym_desc-brain_mask.nii.gz,False,False,False,True
sub-PC027,ses-01,task-rest,run-1,/Users/macbookair/ds006110/derivatives/fmriprep-22.0.2/sub-PC027/ses-01/func/sub-PC027_ses-01_task-rest_run-1_space-MNI152NLin2009cAsym_desc-preproc_bold.nii.gz,/Users/macbookair/ds006110/derivatives/fmriprep-22.0.2/sub-PC027/ses-01/func/sub-PC027_ses-01_task-rest_run-1_desc-confounds_timeseries.tsv,/Users/macbookair/ds006110/derivatives/fmriprep-22.0.2/sub-PC027/ses-01/func/sub-PC027_ses-01_task-rest_run-1_space-MNI152NLin2009cAsym_desc-brain_mask.nii.gz,False,False,False,True
sub-PC027,ses-02,task-rest,run-1,/Users/macbookair/ds006110/derivatives/fmriprep-22.0.2/sub-PC027/ses-02/func/sub-PC027_ses-02_task-rest_run-1_space-MNI152NLin2009cAsym_desc-preproc_bold.nii.gz,/Users/macbookair/ds006110/derivatives/fmriprep-22.0.2/sub-PC027/ses-02/func/sub-PC027_ses-02_task-rest_run-1_desc-confounds_timeseries.tsv,/Users/macbookair/ds006110/derivatives/fmriprep-22.0.2/sub-PC027/ses-02/func/sub-PC027_ses-02_task-rest_run-1_space-MNI152NLin2009cAsym_desc-brain_mask.nii.gz,False,False,False,True
sub-PC028,ses-01,task-rest,run-1,/Users/macbookair/ds006110/derivatives/fmriprep-22.0.2/sub-PC028/ses-01/func/sub-PC028_ses-01_task-rest_run-1_space-MNI152NLin2009cAsym_desc-preproc_bold.nii.gz,/Users/macbookair/ds006110/derivatives/fmriprep-22.0.2/sub-PC028/ses-01/func/sub-PC028_ses-01_task-rest_run-1_desc-confounds_timeseries.tsv,/Users/macbookair/ds006110/derivatives/fmriprep-22.0.2/sub-PC028/ses-01/func/sub-PC028_ses-01_task-rest_run-1_space-MNI152NLin2009cAsym_desc-brain_mask.nii.gz,False,False,False,True
sub-PC028,ses-02,task-rest,run-1,/Users/macbookair/ds006110/derivatives/fmriprep-22.0.2/sub-PC028/ses-02/func/sub-PC028_ses-02_task-rest_run-1_space-MNI152NLin2009cAsym_desc-preproc_bold.nii.gz,/Users/macbookair/ds006110/derivatives/fmriprep-22.0.2/sub-PC028/ses-02/func/sub-PC028_ses-02_task-rest_run-1_desc-confounds_timeseries.tsv,/Users/macbookair/ds006110/derivatives/fmriprep-22.0.2/sub-PC028/ses-02/func/sub-PC028_ses-02_task-rest_run-1_space-MNI152NLin2009cAsym_desc-brain_mask.nii.gz,False,False,False,True
sub-PC029,ses-01,task-rest,run-1,/Users/macbookair/ds006110/derivatives/fmriprep-22.0.2/sub-PC029/ses-01/func/sub-PC029_ses-01_task-rest_run-1_space-MNI152NLin2009cAsym_desc-preproc_bold.nii.gz,/Users/macbookair/ds006110/derivatives/fmriprep-22.0.2/sub-PC029/ses-01/func/sub-PC029_ses-01_task-rest_run-1_desc-confounds_timeseries.tsv,/Users/macbookair/ds006110/derivatives/fmriprep-22.0.2/sub-PC029/ses-01/func/sub-PC029_ses-01_task-rest_run-1_space-MNI152NLin2009cAsym_desc-brain_mask.nii.gz,False,False,False,True
sub-PC029,ses-02,task-rest,run-1,/Users/macbookair/ds006110/derivatives/fmriprep-22.0.2/sub-PC029/ses-02/func/sub-PC029_ses-02_task-rest_run-1_space-MNI152NLin2009cAsym_desc-preproc_bold.nii.gz,/Users/macbookair/ds006110/derivatives/fmriprep-22.0.2/sub-PC029/ses-02/func/sub-PC029_ses-02_task-rest_run-1_desc-confounds_timeseries.tsv,/Users/macbookair/ds006110/derivatives/fmriprep-22.0.2/sub-PC029/ses-02/func/sub-PC029_ses-02_task-rest_run-1_space-MNI152NLin2009cAsym_desc-brain_mask.nii.gz,False,False,False,True
sub-PC030,ses-01,task-rest,run-1,/Users/macbookair/ds006110/derivatives/fmriprep-22.0.2/sub-PC030/ses-01/func/sub-PC030_ses-01_task-rest_run-1_space-MNI152NLin2009cAsym_desc-preproc_bold.nii.gz,/Users/macbookair/ds006110/derivatives/fmriprep-22.0.2/sub-PC030/ses-01/func/sub-PC030_ses-01_task-rest_run-1_desc-confounds_timeseries.tsv,/Users/macbookair/ds006110/derivatives/fmriprep-22.0.2/sub-PC030/ses-01/func/sub-PC030_ses-01_task-rest_run-1_space-MNI152NLin2009cAsym_desc-brain_mask.nii.gz,False,False,False,True
sub-PC030,ses-02,task-rest,run-1,/Users/macbookair/ds006110/derivatives/fmriprep-22.0.2/sub-PC030/ses-02/func/sub-PC030_ses-02_task-rest_run-1_space-MNI152NLin2009cAsym_desc-preproc_bold.nii.gz,/Users/macbookair/ds006110/derivatives/fmriprep-22.0.2/sub-PC030/ses-02/func/sub-PC030_ses-02_task-rest_run-1_desc-confounds_timeseries.tsv,/Users/macbookair/ds006110/derivatives/fmriprep-22.0.2/sub-PC030/ses-02/func/sub-PC030_ses-02_task-rest_run-1_space-MNI152NLin2009cAsym_desc-brain_mask.nii.gz,False,False,False,True
sub-PC031,ses-01,task-rest,run-1,/Users/macbookair/ds006110/derivatives/fmriprep-22.0.2/sub-PC031/ses-01/func/sub-PC031_ses-01_task-rest_run-1_space-MNI152NLin2009cAsym_desc-preproc_bold.nii.gz,/Users/macbookair/ds006110/derivatives/fmriprep-22.0.2/sub-PC031/ses-01/func/sub-PC031_ses-01_task-rest_run-1_desc-confounds_timeseries.tsv,/Users/macbookair/ds006110/derivatives/fmriprep-22.0.2/sub-PC031/ses-01/func/sub-PC031_ses-01_task-rest_run-1_space-MNI152NLin2009cAsym_desc-brain_mask.nii.gz,False,False,False,True
sub-PC031,ses-02,task-rest,run-1,/Users/macbookair/ds006110/derivatives/fmriprep-22.0.2/sub-PC031/ses-02/func/sub-PC031_ses-02_task-rest_run-1_space-MNI152NLin2009cAsym_desc-preproc_bold.nii.gz,/Users/macbookair/ds006110/derivatives/fmriprep-22.0.2/sub-PC031/ses-02/func/sub-PC031_ses-02_task-rest_run-1_desc-confounds_timeseries.tsv,/Users/macbookair/ds006110/derivatives/fmriprep-22.0.2/sub-PC031/ses-02/func/sub-PC031_ses-02_task-rest_run-1_space-MNI152NLin2009cAsym_desc-brain_mask.nii.gz,False,False,False,True
sub-PC032,ses-01,task-rest,run-1,/Users/macbookair/ds006110/derivatives/fmriprep-22.0.2/sub-PC032/ses-01/func/sub-PC032_ses-01_task-rest_run-1_space-MNI152NLin2009cAsym_desc-preproc_bold.nii.gz,/Users/macbookair/ds006110/derivatives/fmriprep-22.0.2/sub-PC032/ses-01/func/sub-PC032_ses-01_task-rest_run-1_desc-confounds_timeseries.tsv,/Users/macbookair/ds006110/derivatives/fmriprep-22.0.2/sub-PC032/ses-01/func/sub-PC032_ses-01_task-rest_run-1_space-MNI152NLin2009cAsym_desc-brain_mask.nii.gz,False,False,False,True
sub-PC032,ses-02,task-rest,run-1,/Users/macbookair/ds006110/derivatives/fmriprep-22.0.2/sub-PC032/ses-02/func/sub-PC032_ses-02_task-rest_run-1_space-MNI152NLin2009cAsym_desc-preproc_bold.nii.gz,/Users/macbookair/ds006110/derivatives/fmriprep-22.0.2/sub-PC032/ses-02/func/sub-PC032_ses-02_task-rest_run-1_desc-confounds_timeseries.tsv,/Users/macbookair/ds006110/derivatives/fmriprep-22.0.2/sub-PC032/ses-02/func/sub-PC032_ses-02_task-rest_run-1_space-MNI152NLin2009cAsym_desc-brain_mask.nii.gz,False,False,False,True
sub-PC201,ses-01,task-rest,run-1,/Users/macbookair/ds006110/derivatives/fmriprep-22.0.2/sub-PC201/ses-01/func/sub-PC201_ses-01_task-rest_run-1_space-MNI152NLin2009cAsym_desc-preproc_bold.nii.gz,/Users/macbookair/ds006110/derivatives/fmriprep-22.0.2/sub-PC201/ses-01/func/sub-PC201_ses-01_task-rest_run-1_desc-confounds_timeseries.tsv,/Users/macbookair/ds006110/derivatives/fmriprep-22.0.2/sub-PC201/ses-01/func/sub-PC201_ses-01_task-rest_run-1_space-MNI152NLin2009cAsym_desc-brain_mask.nii.gz,False,False,False,True
sub-PC201,ses-02,task-rest,run-1,/Users/macbookair/ds006110/derivatives/fmriprep-22.0.2/sub-PC201/ses-02/func/sub-PC201_ses-02_task-rest_run-1_space-MNI152NLin2009cAsym_desc-preproc_bold.nii.gz,/Users/macbookair/ds006110/derivatives/fmriprep-22.0.2/sub-PC201/ses-02/func/sub-PC201_ses-02_task-rest_run-1_desc-confounds_timeseries.tsv,/Users/macbookair/ds006110/derivatives/fmriprep-22.0.2/sub-PC201/ses-02/func/sub-PC201_ses-02_task-rest_run-1_space-MNI152NLin2009cAsym_desc-brain_mask.nii.gz,False,False,False,True
sub-PC202,ses-01,task-rest,run-1,/Users/macbookair/ds006110/derivatives/fmriprep-22.0.2/sub-PC202/ses-01/func/sub-PC202_ses-01_task-rest_run-1_space-MNI152NLin2009cAsym_desc-preproc_bold.nii.gz,/Users/macbookair/ds006110/derivatives/fmriprep-22.0.2/sub-PC202/ses-01/func/sub-PC202_ses-01_task-rest_run-1_desc-confounds_timeseries.tsv,/Users/macbookair/ds006110/derivatives/fmriprep-22.0.2/sub-PC202/ses-01/func/sub-PC202_ses-01_task-rest_run-1_space-MNI152NLin2009cAsym_desc-brain_mask.nii.gz,False,False,False,True
sub-PC202,ses-02,task-rest,run-1,/Users/macbookair/ds006110/derivatives/fmriprep-22.0.2/sub-PC202/ses-02/func/sub-PC202_ses-02_task-rest_run-1_space-MNI152NLin2009cAsym_desc-preproc_bold.nii.gz,/Users/macbookair/ds006110/derivatives/fmriprep-22.0.2/sub-PC202/ses-02/func/sub-PC202_ses-02_task-rest_run-1_desc-confounds_timeseries.tsv,/Users/macbookair/ds006110/derivatives/fmriprep-22.0.2/sub-PC202/ses-02/func/sub-PC202_ses-02_task-rest_run-1_space-MNI152NLin2009cAsym_desc-brain_mask.nii.gz,False,False,False,True
sub-PC203,ses-01,task-rest,run-1,/Users/macbookair/ds006110/derivatives/fmriprep-22.0.2/sub-PC203/ses-01/func/sub-PC203_ses-01_task-rest_run-1_space-MNI152NLin2009cAsym_desc-preproc_bold.nii.gz,/Users/macbookair/ds006110/derivatives/fmriprep-22.0.2/sub-PC203/ses-01/func/sub-PC203_ses-01_task-rest_run-1_desc-confounds_timeseries.tsv,/Users/macbookair/ds006110/derivatives/fmriprep-22.0.2/sub-PC203/ses-01/func/sub-PC203_ses-01_task-rest_run-1_space-MNI152NLin2009cAsym_desc-brain_mask.nii.gz,False,False,False,True
sub-PC203,ses-02,task-rest,run-1,/Users/macbookair/ds006110/derivatives/fmriprep-22.0.2/sub-PC203/ses-02/func/sub-PC203_ses-02_task-rest_run-1_space-MNI152NLin2009cAsym_desc-preproc_bold.nii.gz,/Users/macbookair/ds006110/derivatives/fmriprep-22.0.2/sub-PC203/ses-02/func/sub-PC203_ses-02_task-rest_run-1_desc-confounds_timeseries.tsv,/Users/macbookair/ds006110/derivatives/fmriprep-22.0.2/sub-PC203/ses-02/func/sub-PC203_ses-02_task-rest_run-1_space-MNI152NLin2009cAsym_desc-brain_mask.nii.gz,False,False,False,True
sub-PC204,ses-01,task-rest,run-1,/Users/macbookair/ds006110/derivatives/fmriprep-22.0.2/sub-PC204/ses-01/func/sub-PC204_ses-01_task-rest_run-1_space-MNI152NLin2009cAsym_desc-preproc_bold.nii.gz,/Users/macbookair/ds006110/derivatives/fmriprep-22.0.2/sub-PC204/ses-01/func/sub-PC204_ses-01_task-rest_run-1_desc-confounds_timeseries.tsv,/Users/macbookair/ds006110/derivatives/fmriprep-22.0.2/sub-PC204/ses-01/func/sub-PC204_ses-01_task-rest_run-1_space-MNI152NLin2009cAsym_desc-brain_mask.nii.gz,False,False,False,True
sub-PC204,ses-02,task-rest,run-1,/Users/macbookair/ds006110/derivatives/fmriprep-22.0.2/sub-PC204/ses-02/func/sub-PC204_ses-02_task-rest_run-1_space-MNI152NLin2009cAsym_desc-preproc_bold.nii.gz,/Users/macbookair/ds006110/derivatives/fmriprep-22.0.2/sub-PC204/ses-02/func/sub-PC204_ses-02_task-rest_run-1_desc-confounds_timeseries.tsv,/Users/macbookair/ds006110/derivatives/fmriprep-22.0.2/sub-PC204/ses-02/func/sub-PC204_ses-02_task-rest_run-1_space-MNI152NLin2009cAsym_desc-brain_mask.nii.gz,False,False,False,True
sub-PC205,ses-01,task-rest,run-1,/Users/macbookair/ds006110/derivatives/fmriprep-22.0.2/sub-PC205/ses-01/func/sub-PC205_ses-01_task-rest_run-1_space-MNI152NLin2009cAsym_desc-preproc_bold.nii.gz,/Users/macbookair/ds006110/derivatives/fmriprep-22.0.2/sub-PC205/ses-01/func/sub-PC205_ses-01_task-rest_run-1_desc-confounds_timeseries.tsv,/Users/macbookair/ds006110/derivatives/fmriprep-22.0.2/sub-PC205/ses-01/func/sub-PC205_ses-01_task-rest_run-1_space-MNI152NLin2009cAsym_desc-brain_mask.nii.gz,False,False,False,True
sub-PC205,ses-02,task-rest,run-1,/Users/macbookair/ds006110/derivatives/fmriprep-22.0.2/sub-PC205/ses-02/func/sub-PC205_ses-02_task-rest_run-1_space-MNI152NLin2009cAsym_desc-preproc_bold.nii.gz,/Users/macbookair/ds006110/derivatives/fmriprep-22.0.2/sub-PC205/ses-02/func/sub-PC205_ses-02_task-rest_run-1_desc-confounds_timeseries.tsv,/Users/macbookair/ds006110/derivatives/fmriprep-22.0.2/sub-PC205/ses-02/func/sub-PC205_ses-02_task-rest_run-1_space-MNI152NLin2009cAsym_desc-brain_mask.nii.gz,False,False,False,True
sub-PC206,ses-01,task-rest,run-1,/Users/macbookair/ds006110/derivatives/fmriprep-22.0.2/sub-PC206/ses-01/func/sub-PC206_ses-01_task-rest_run-1_space-MNI152NLin2009cAsym_desc-preproc_bold.nii.gz,/Users/macbookair/ds006110/derivatives/fmriprep-22.0.2/sub-PC206/ses-01/func/sub-PC206_ses-01_task-rest_run-1_desc-confounds_timeseries.tsv,/Users/macbookair/ds006110/derivatives/fmriprep-22.0.2/sub-PC206/ses-01/func/sub-PC206_ses-01_task-rest_run-1_space-MNI152NLin2009cAsym_desc-brain_mask.nii.gz,False,False,False,True
sub-PC206,ses-02,task-rest,run-1,/Users/macbookair/ds006110/derivatives/fmriprep-22.0.2/sub-PC206/ses-02/func/sub-PC206_ses-02_task-rest_run-1_space-MNI152NLin2009cAsym_desc-preproc_bold.nii.gz,/Users/macbookair/ds006110/derivatives/fmriprep-22.0.2/sub-PC206/ses-02/func/sub-PC206_ses-02_task-rest_run-1_desc-confounds_timeseries.tsv,/Users/macbookair/ds006110/derivatives/fmriprep-22.0.2/sub-PC206/ses-02/func/sub-PC206_ses-02_task-rest_run-1_space-MNI152NLin2009cAsym_desc-brain_mask.nii.gz,False,False,False,True
sub-PC207,ses-01,task-rest,run-1,/Users/macbookair/ds006110/derivatives/fmriprep-22.0.2/sub-PC207/ses-01/func/sub-PC207_ses-01_task-rest_run-1_space-MNI152NLin2009cAsym_desc-preproc_bold.nii.gz,/Users/macbookair/ds006110/derivatives/fmriprep-22.0.2/sub-PC207/ses-01/func/sub-PC207_ses-01_task-rest_run-1_desc-confounds_timeseries.tsv,/Users/macbookair/ds006110/derivatives/fmriprep-22.0.2/sub-PC207/ses-01/func/sub-PC207_ses-01_task-rest_run-1_space-MNI152NLin2009cAsym_desc-brain_mask.nii.gz,False,False,False,True
sub-PC207,ses-02,task-rest,run-1,/Users/macbookair/ds006110/derivatives/fmriprep-22.0.2/sub-PC207/ses-02/func/sub-PC207_ses-02_task-rest_run-1_space-MNI152NLin2009cAsym_desc-preproc_bold.nii.gz,/Users/macbookair/ds006110/derivatives/fmriprep-22.0.2/sub-PC207/ses-02/func/sub-PC207_ses-02_task-rest_run-1_desc-confounds_timeseries.tsv,/Users/macbookair/ds006110/derivatives/fmriprep-22.0.2/sub-PC207/ses-02/func/sub-PC207_ses-02_task-rest_run-1_space-MNI152NLin2009cAsym_desc-brain_mask.nii.gz,False,False,False,True
sub-PC208,ses-01,task-rest,run-1,/Users/macbookair/ds006110/derivatives/fmriprep-22.0.2/sub-PC208/ses-01/func/sub-PC208_ses-01_task-rest_run-1_space-MNI152NLin2009cAsym_desc-preproc_bold.nii.gz,/Users/macbookair/ds006110/derivatives/fmriprep-22.0.2/sub-PC208/ses-01/func/sub-PC208_ses-01_task-rest_run-1_desc-confounds_timeseries.tsv,/Users/macbookair/ds006110/derivatives/fmriprep-22.0.2/sub-PC208/ses-01/func/sub-PC208_ses-01_task-rest_run-1_space-MNI152NLin2009cAsym_desc-brain_mask.nii.gz,False,False,False,True
sub-PC208,ses-02,task-rest,run-1,/Users/macbookair/ds006110/derivatives/fmriprep-22.0.2/sub-PC208/ses-02/func/sub-PC208_ses-02_task-rest_run-1_space-MNI152NLin2009cAsym_desc-preproc_bold.nii.gz,/Users/macbookair/ds006110/derivatives/fmriprep-22.0.2/sub-PC208/ses-02/func/sub-PC208_ses-02_task-rest_run-1_desc-confounds_timeseries.tsv,/Users/macbookair/ds006110/derivatives/fmriprep-22.0.2/sub-PC208/ses-02/func/sub-PC208_ses-02_task-rest_run-1_space-MNI152NLin2009cAsym_desc-brain_mask.nii.gz,False,False,False,True
sub-PC209,ses-01,task-rest,run-1,/Users/macbookair/ds006110/derivatives/fmriprep-22.0.2/sub-PC209/ses-01/func/sub-PC209_ses-01_task-rest_run-1_space-MNI152NLin2009cAsym_desc-preproc_bold.nii.gz,/Users/macbookair/ds006110/derivatives/fmriprep-22.0.2/sub-PC209/ses-01/func/sub-PC209_ses-01_task-rest_run-1_desc-confounds_timeseries.tsv,/Users/macbookair/ds006110/derivatives/fmriprep-22.0.2/sub-PC209/ses-01/func/sub-PC209_ses-01_task-rest_run-1_space-MNI152NLin2009cAsym_desc-brain_mask.nii.gz,False,False,False,True
sub-PC209,ses-02,task-rest,run-1,/Users/macbookair/ds006110/derivatives/fmriprep-22.0.2/sub-PC209/ses-02/func/sub-PC209_ses-02_task-rest_run-1_space-MNI152NLin2009cAsym_desc-preproc_bold.nii.gz,/Users/macbookair/ds006110/derivatives/fmriprep-22.0.2/sub-PC209/ses-02/func/sub-PC209_ses-02_task-rest_run-1_desc-confounds_timeseries.tsv,/Users/macbookair/ds006110/derivatives/fmriprep-22.0.2/sub-PC209/ses-02/func/sub-PC209_ses-02_task-rest_run-1_space-MNI152NLin2009cAsym_desc-brain_mask.nii.gz,False,False,False,True
sub-PC210,ses-01,task-rest,run-1,/Users/macbookair/ds006110/derivatives/fmriprep-22.0.2/sub-PC210/ses-01/func/sub-PC210_ses-01_task-rest_run-1_space-MNI152NLin2009cAsym_desc-preproc_bold.nii.gz,/Users/macbookair/ds006110/derivatives/fmriprep-22.0.2/sub-PC210/ses-01/func/sub-PC210_ses-01_task-rest_run-1_desc-confounds_timeseries.tsv,/Users/macbookair/ds006110/derivatives/fmriprep-22.0.2/sub-PC210/ses-01/func/sub-PC210_ses-01_task-rest_run-1_space-MNI152NLin2009cAsym_desc-brain_mask.nii.gz,False,False,False,True
sub-PC210,ses-02,task-rest,run-1,/Users/macbookair/ds006110/derivatives/fmriprep-22.0.2/sub-PC210/ses-02/func/sub-PC210_ses-02_task-rest_run-1_space-MNI152NLin2009cAsym_desc-preproc_bold.nii.gz,/Users/macbookair/ds006110/derivatives/fmriprep-22.0.2/sub-PC210/ses-02/func/sub-PC210_ses-02_task-rest_run-1_desc-confounds_timeseries.tsv,/Users/macbookair/ds006110/derivatives/fmriprep-22.0.2/sub-PC210/ses-02/func/sub-PC210_ses-02_task-rest_run-1_space-MNI152NLin2009cAsym_desc-brain_mask.nii.gz,False,False,False,True
sub-PC211,ses-01,task-rest,run-1,/Users/macbookair/ds006110/derivatives/fmriprep-22.0.2/sub-PC211/ses-01/func/sub-PC211_ses-01_task-rest_run-1_space-MNI152NLin2009cAsym_desc-preproc_bold.nii.gz,/Users/macbookair/ds006110/derivatives/fmriprep-22.0.2/sub-PC211/ses-01/func/sub-PC211_ses-01_task-rest_run-1_desc-confounds_timeseries.tsv,/Users/macbookair/ds006110/derivatives/fmriprep-22.0.2/sub-PC211/ses-01/func/sub-PC211_ses-01_task-rest_run-1_space-MNI152NLin2009cAsym_desc-brain_mask.nii.gz,False,False,False,True
sub-PC211,ses-02,task-rest,run-1,/Users/macbookair/ds006110/derivatives/fmriprep-22.0.2/sub-PC211/ses-02/func/sub-PC211_ses-02_task-rest_run-1_space-MNI152NLin2009cAsym_desc-preproc_bold.nii.gz,/Users/macbookair/ds006110/derivatives/fmriprep-22.0.2/sub-PC211/ses-02/func/sub-PC211_ses-02_task-rest_run-1_desc-confounds_timeseries.tsv,/Users/macbookair/ds006110/derivatives/fmriprep-22.0.2/sub-PC211/ses-02/func/sub-PC211_ses-02_task-rest_run-1_space-MNI152NLin2009cAsym_desc-brain_mask.nii.gz,False,False,False,True
sub-PC212,ses-01,task-rest,run-1,/Users/macbookair/ds006110/derivatives/fmriprep-22.0.2/sub-PC212/ses-01/func/sub-PC212_ses-01_task-rest_run-1_space-MNI152NLin2009cAsym_desc-preproc_bold.nii.gz,/Users/macbookair/ds006110/derivatives/fmriprep-22.0.2/sub-PC212/ses-01/func/sub-PC212_ses-01_task-rest_run-1_desc-confounds_timeseries.tsv,/Users/macbookair/ds006110/derivatives/fmriprep-22.0.2/sub-PC212/ses-01/func/sub-PC212_ses-01_task-rest_run-1_space-MNI152NLin2009cAsym_desc-brain_mask.nii.gz,False,False,False,True
sub-PC212,ses-02,task-rest,run-1,/Users/macbookair/ds006110/derivatives/fmriprep-22.0.2/sub-PC212/ses-02/func/sub-PC212_ses-02_task-rest_run-1_space-MNI152NLin2009cAsym_desc-preproc_bold.nii.gz,/Users/macbookair/ds006110/derivatives/fmriprep-22.0.2/sub-PC212/ses-02/func/sub-PC212_ses-02_task-rest_run-1_desc-confounds_timeseries.tsv,/Users/macbookair/ds006110/derivatives/fmriprep-22.0.2/sub-PC212/ses-02/func/sub-PC212_ses-02_task-rest_run-1_space-MNI152NLin2009cAsym_desc-brain_mask.nii.gz,False,False,False,True
sub-PC213,ses-01,task-rest,run-1,/Users/macbookair/ds006110/derivatives/fmriprep-22.0.2/sub-PC213/ses-01/func/sub-PC213_ses-01_task-rest_run-1_space-MNI152NLin2009cAsym_desc-preproc_bold.nii.gz,/Users/macbookair/ds006110/derivatives/fmriprep-22.0.2/sub-PC213/ses-01/func/sub-PC213_ses-01_task-rest_run-1_desc-confounds_timeseries.tsv,/Users/macbookair/ds006110/derivatives/fmriprep-22.0.2/sub-PC213/ses-01/func/sub-PC213_ses-01_task-rest_run-1_space-MNI152NLin2009cAsym_desc-brain_mask.nii.gz,False,False,False,True
sub-PC213,ses-02,task-rest,run-1,/Users/macbookair/ds006110/derivatives/fmriprep-22.0.2/sub-PC213/ses-02/func/sub-PC213_ses-02_task-rest_run-1_space-MNI152NLin2009cAsym_desc-preproc_bold.nii.gz,/Users/macbookair/ds006110/derivatives/fmriprep-22.0.2/sub-PC213/ses-02/func/sub-PC213_ses-02_task-rest_run-1_desc-confounds_timeseries.tsv,/Users/macbookair/ds006110/derivatives/fmriprep-22.0.2/sub-PC213/ses-02/func/sub-PC213_ses-02_task-rest_run-1_space-MNI152NLin2009cAsym_desc-brain_mask.nii.gz,False,False,False,True
sub-PC214,ses-01,task-rest,run-1,/Users/macbookair/ds006110/derivatives/fmriprep-22.0.2/sub-PC214/ses-01/func/sub-PC214_ses-01_task-rest_run-1_space-MNI152NLin2009cAsym_desc-preproc_bold.nii.gz,/Users/macbookair/ds006110/derivatives/fmriprep-22.0.2/sub-PC214/ses-01/func/sub-PC214_ses-01_task-rest_run-1_desc-confounds_timeseries.tsv,/Users/macbookair/ds006110/derivatives/fmriprep-22.0.2/sub-PC214/ses-01/func/sub-PC214_ses-01_task-rest_run-1_space-MNI152NLin2009cAsym_desc-brain_mask.nii.gz,False,False,False,True
sub-PC214,ses-02,task-rest,run-1,/Users/macbookair/ds006110/derivatives/fmriprep-22.0.2/sub-PC214/ses-02/func/sub-PC214_ses-02_task-rest_run-1_space-MNI152NLin2009cAsym_desc-preproc_bold.nii.gz,/Users/macbookair/ds006110/derivatives/fmriprep-22.0.2/sub-PC214/ses-02/func/sub-PC214_ses-02_task-rest_run-1_desc-confounds_timeseries.tsv,/Users/macbookair/ds006110/derivatives/fmriprep-22.0.2/sub-PC214/ses-02/func/sub-PC214_ses-02_task-rest_run-1_space-MNI152NLin2009cAsym_desc-brain_mask.nii.gz,False,False,False,True
sub-PC215,ses-01,task-rest,run-1,/Users/macbookair/ds006110/derivatives/fmriprep-22.0.2/sub-PC215/ses-01/func/sub-PC215_ses-01_task-rest_run-1_space-MNI152NLin2009cAsym_desc-preproc_bold.nii.gz,/Users/macbookair/ds006110/derivatives/fmriprep-22.0.2/sub-PC215/ses-01/func/sub-PC215_ses-01_task-rest_run-1_desc-confounds_timeseries.tsv,/Users/macbookair/ds006110/derivatives/fmriprep-22.0.2/sub-PC215/ses-01/func/sub-PC215_ses-01_task-rest_run-1_space-MNI152NLin2009cAsym_desc-brain_mask.nii.gz,False,False,False,True
sub-PC215,ses-02,task-rest,run-1,/Users/macbookair/ds006110/derivatives/fmriprep-22.0.2/sub-PC215/ses-02/func/sub-PC215_ses-02_task-rest_run-1_space-MNI152NLin2009cAsym_desc-preproc_bold.nii.gz,/Users/macbookair/ds006110/derivatives/fmriprep-22.0.2/sub-PC215/ses-02/func/sub-PC215_ses-02_task-rest_run-1_desc-confounds_timeseries.tsv,/Users/macbookair/ds006110/derivatives/fmriprep-22.0.2/sub-PC215/ses-02/func/sub-PC215_ses-02_task-rest_run-1_space-MNI152NLin2009cAsym_desc-brain_mask.nii.gz,False,True,False,True
sub-PC216,ses-01,task-rest,run-1,/Users/macbookair/ds006110/derivatives/fmriprep-22.0.2/sub-PC216/ses-01/func/sub-PC216_ses-01_task-rest_run-1_space-MNI152NLin2009cAsym_desc-preproc_bold.nii.gz,/Users/macbookair/ds006110/derivatives/fmriprep-22.0.2/sub-PC216/ses-01/func/sub-PC216_ses-01_task-rest_run-1_desc-confounds_timeseries.tsv,/Users/macbookair/ds006110/derivatives/fmriprep-22.0.2/sub-PC216/ses-01/func/sub-PC216_ses-01_task-rest_run-1_space-MNI152NLin2009cAsym_desc-brain_mask.nii.gz,False,False,False,True
sub-PC216,ses-02,task-rest,run-1,/Users/macbookair/ds006110/derivatives/fmriprep-22.0.2/sub-PC216/ses-02/func/sub-PC216_ses-02_task-rest_run-1_space-MNI152NLin2009cAsym_desc-preproc_bold.nii.gz,/Users/macbookair/ds006110/derivatives/fmriprep-22.0.2/sub-PC216/ses-02/func/sub-PC216_ses-02_task-rest_run-1_desc-confounds_timeseries.tsv,/Users/macbookair/ds006110/derivatives/fmriprep-22.0.2/sub-PC216/ses-02/func/sub-PC216_ses-02_task-rest_run-1_space-MNI152NLin2009cAsym_desc-brain_mask.nii.gz,False,False,False,True
sub-PC217,ses-01,task-rest,run-1,/Users/macbookair/ds006110/derivatives/fmriprep-22.0.2/sub-PC217/ses-01/func/sub-PC217_ses-01_task-rest_run-1_space-MNI152NLin2009cAsym_desc-preproc_bold.nii.gz,/Users/macbookair/ds006110/derivatives/fmriprep-22.0.2/sub-PC217/ses-01/func/sub-PC217_ses-01_task-rest_run-1_desc-confounds_timeseries.tsv,/Users/macbookair/ds006110/derivatives/fmriprep-22.0.2/sub-PC217/ses-01/func/sub-PC217_ses-01_task-rest_run-1_space-MNI152NLin2009cAsym_desc-brain_mask.nii.gz,False,False,False,True
sub-PC217,ses-02,task-rest,run-1,/Users/macbookair/ds006110/derivatives/fmriprep-22.0.2/sub-PC217/ses-02/func/sub-PC217_ses-02_task-rest_run-1_space-MNI152NLin2009cAsym_desc-preproc_bold.nii.gz,/Users/macbookair/ds006110/derivatives/fmriprep-22.0.2/sub-PC217/ses-02/func/sub-PC217_ses-02_task-rest_run-1_desc-confounds_timeseries.tsv,/Users/macbookair/ds006110/derivatives/fmriprep-22.0.2/sub-PC217/ses-02/func/sub-PC217_ses-02_task-rest_run-1_space-MNI152NLin2009cAsym_desc-brain_mask.nii.gz,False,False,False,True
sub-PC218,ses-01,task-rest,run-1,/Users/macbookair/ds006110/derivatives/fmriprep-22.0.2/sub-PC218/ses-01/func/sub-PC218_ses-01_task-rest_run-1_space-MNI152NLin2009cAsym_desc-preproc_bold.nii.gz,/Users/macbookair/ds006110/derivatives/fmriprep-22.0.2/sub-PC218/ses-01/func/sub-PC218_ses-01_task-rest_run-1_desc-confounds_timeseries.tsv,/Users/macbookair/ds006110/derivatives/fmriprep-22.0.2/sub-PC218/ses-01/func/sub-PC218_ses-01_task-rest_run-1_space-MNI152NLin2009cAsym_desc-brain_mask.nii.gz,False,False,False,True
sub-PC218,ses-02,task-rest,run-1,/Users/macbookair/ds006110/derivatives/fmriprep-22.0.2/sub-PC218/ses-02/func/sub-PC218_ses-02_task-rest_run-1_space-MNI152NLin2009cAsym_desc-preproc_bold.nii.gz,/Users/macbookair/ds006110/derivatives/fmriprep-22.0.2/sub-PC218/ses-02/func/sub-PC218_ses-02_task-rest_run-1_desc-confounds_timeseries.tsv,/Users/macbookair/ds006110/derivatives/fmriprep-22.0.2/sub-PC218/ses-02/func/sub-PC218_ses-02_task-rest_run-1_space-MNI152NLin2009cAsym_desc-brain_mask.nii.gz,False,False,False,True
sub-PC219,ses-01,task-rest,run-1,/Users/macbookair/ds006110/derivatives/fmriprep-22.0.2/sub-PC219/ses-01/func/sub-PC219_ses-01_task-rest_run-1_space-MNI152NLin2009cAsym_desc-preproc_bold.nii.gz,/Users/macbookair/ds006110/derivatives/fmriprep-22.0.2/sub-PC219/ses-01/func/sub-PC219_ses-01_task-rest_run-1_desc-confounds_timeseries.tsv,/Users/macbookair/ds006110/derivatives/fmriprep-22.0.2/sub-PC219/ses-01/func/sub-PC219_ses-01_task-rest_run-1_space-MNI152NLin2009cAsym_desc-brain_mask.nii.gz,False,False,False,True
sub-PC219,ses-02,task-rest,run-1,/Users/macbookair/ds006110/derivatives/fmriprep-22.0.2/sub-PC219/ses-02/func/sub-PC219_ses-02_task-rest_run-1_space-MNI152NLin2009cAsym_desc-preproc_bold.nii.gz,/Users/macbookair/ds006110/derivatives/fmriprep-22.0.2/sub-PC219/ses-02/func/sub-PC219_ses-02_task-rest_run-1_desc-confounds_timeseries.tsv,/Users/macbookair/ds006110/derivatives/fmriprep-22.0.2/sub-PC219/ses-02/func/sub-PC219_ses-02_task-rest_run-1_space-MNI152NLin2009cAsym_desc-brain_mask.nii.gz,False,False,False,True
sub-PC220,ses-01,task-rest,run-1,/Users/macbookair/ds006110/derivatives/fmriprep-22.0.2/sub-PC220/ses-01/func/sub-PC220_ses-01_task-rest_run-1_space-MNI152NLin2009cAsym_desc-preproc_bold.nii.gz,/Users/macbookair/ds006110/derivatives/fmriprep-22.0.2/sub-PC220/ses-01/func/sub-PC220_ses-01_task-rest_run-1_desc-confounds_timeseries.tsv,/Users/macbookair/ds006110/derivatives/fmriprep-22.0.2/sub-PC220/ses-01/func/sub-PC220_ses-01_task-rest_run-1_space-MNI152NLin2009cAsym_desc-brain_mask.nii.gz,False,False,False,True
sub-PC220,ses-02,task-rest,run-1,/Users/macbookair/ds006110/derivatives/fmriprep-22.0.2/sub-PC220/ses-02/func/sub-PC220_ses-02_task-rest_run-1_space-MNI152NLin2009cAsym_desc-preproc_bold.nii.gz,/Users/macbookair/ds006110/derivatives/fmriprep-22.0.2/sub-PC220/ses-02/func/sub-PC220_ses-02_task-rest_run-1_desc-confounds_timeseries.tsv,/Users/macbookair/ds006110/derivatives/fmriprep-22.0.2/sub-PC220/ses-02/func/sub-PC220_ses-02_task-rest_run-1_space-MNI152NLin2009cAsym_desc-brain_mask.nii.gz,False,False,False,True
sub-PC221,ses-01,task-rest,run-1,/Users/macbookair/ds006110/derivatives/fmriprep-22.0.2/sub-PC221/ses-01/func/sub-PC221_ses-01_task-rest_run-1_space-MNI152NLin2009cAsym_desc-preproc_bold.nii.gz,/Users/macbookair/ds006110/derivatives/fmriprep-22.0.2/sub-PC221/ses-01/func/sub-PC221_ses-01_task-rest_run-1_desc-confounds_timeseries.tsv,/Users/macbookair/ds006110/derivatives/fmriprep-22.0.2/sub-PC221/ses-01/func/sub-PC221_ses-01_task-rest_run-1_space-MNI152NLin2009cAsym_desc-brain_mask.nii.gz,False,False,False,True
sub-PC221,ses-02,task-rest,run-1,/Users/macbookair/ds006110/derivatives/fmriprep-22.0.2/sub-PC221/ses-02/func/sub-PC221_ses-02_task-rest_run-1_space-MNI152NLin2009cAsym_desc-preproc_bold.nii.gz,/Users/macbookair/ds006110/derivatives/fmriprep-22.0.2/sub-PC221/ses-02/func/sub-PC221_ses-02_task-rest_run-1_desc-confounds_timeseries.tsv,/Users/macbookair/ds006110/derivatives/fmriprep-22.0.2/sub-PC221/ses-02/func/sub-PC221_ses-02_task-rest_run-1_space-MNI152NLin2009cAsym_desc-brain_mask.nii.gz,False,False,False,True
sub-PC222,ses-01,task-rest,run-1,/Users/macbookair/ds006110/derivatives/fmriprep-22.0.2/sub-PC222/ses-01/func/sub-PC222_ses-01_task-rest_run-1_space-MNI152NLin2009cAsym_desc-preproc_bold.nii.gz,/Users/macbookair/ds006110/derivatives/fmriprep-22.0.2/sub-PC222/ses-01/func/sub-PC222_ses-01_task-rest_run-1_desc-confounds_timeseries.tsv,/Users/macbookair/ds006110/derivatives/fmriprep-22.0.2/sub-PC222/ses-01/func/sub-PC222_ses-01_task-rest_run-1_space-MNI152NLin2009cAsym_desc-brain_mask.nii.gz,False,False,False,True
sub-PC222,ses-02,task-rest,run-1,/Users/macbookair/ds006110/derivatives/fmriprep-22.0.2/sub-PC222/ses-02/func/sub-PC222_ses-02_task-rest_run-1_space-MNI152NLin2009cAsym_desc-preproc_bold.nii.gz,/Users/macbookair/ds006110/derivatives/fmriprep-22.0.2/sub-PC222/ses-02/func/sub-PC222_ses-02_task-rest_run-1_desc-confounds_timeseries.tsv,/Users/macbookair/ds006110/derivatives/fmriprep-22.0.2/sub-PC222/ses-02/func/sub-PC222_ses-02_task-rest_run-1_space-MNI152NLin2009cAsym_desc-brain_mask.nii.gz,False,False,False,True
sub-PC223,ses-01,task-rest,run-1,/Users/macbookair/ds006110/derivatives/fmriprep-22.0.2/sub-PC223/ses-01/func/sub-PC223_ses-01_task-rest_run-1_space-MNI152NLin2009cAsym_desc-preproc_bold.nii.gz,/Users/macbookair/ds006110/derivatives/fmriprep-22.0.2/sub-PC223/ses-01/func/sub-PC223_ses-01_task-rest_run-1_desc-confounds_timeseries.tsv,/Users/macbookair/ds006110/derivatives/fmriprep-22.0.2/sub-PC223/ses-01/func/sub-PC223_ses-01_task-rest_run-1_space-MNI152NLin2009cAsym_desc-brain_mask.nii.gz,False,False,False,True
sub-PC223,ses-02,task-rest,run-1,/Users/macbookair/ds006110/derivatives/fmriprep-22.0.2/sub-PC223/ses-02/func/sub-PC223_ses-02_task-rest_run-1_space-MNI152NLin2009cAsym_desc-preproc_bold.nii.gz,/Users/macbookair/ds006110/derivatives/fmriprep-22.0.2/sub-PC223/ses-02/func/sub-PC223_ses-02_task-rest_run-1_desc-confounds_timeseries.tsv,/Users/macbookair/ds006110/derivatives/fmriprep-22.0.2/sub-PC223/ses-02/func/sub-PC223_ses-02_task-rest_run-1_space-MNI152NLin2009cAsym_desc-brain_mask.nii.gz,False,False,False,True
sub-PC224,ses-01,task-rest,run-1,/Users/macbookair/ds006110/derivatives/fmriprep-22.0.2/sub-PC224/ses-01/func/sub-PC224_ses-01_task-rest_run-1_space-MNI152NLin2009cAsym_desc-preproc_bold.nii.gz,/Users/macbookair/ds006110/derivatives/fmriprep-22.0.2/sub-PC224/ses-01/func/sub-PC224_ses-01_task-rest_run-1_desc-confounds_timeseries.tsv,/Users/macbookair/ds006110/derivatives/fmriprep-22.0.2/sub-PC224/ses-01/func/sub-PC224_ses-01_task-rest_run-1_space-MNI152NLin2009cAsym_desc-brain_mask.nii.gz,False,False,False,True
sub-PC224,ses-02,task-rest,run-1,/Users/macbookair/ds006110/derivatives/fmriprep-22.0.2/sub-PC224/ses-02/func/sub-PC224_ses-02_task-rest_run-1_space-MNI152NLin2009cAsym_desc-preproc_bold.nii.gz,/Users/macbookair/ds006110/derivatives/fmriprep-22.0.2/sub-PC224/ses-02/func/sub-PC224_ses-02_task-rest_run-1_desc-confounds_timeseries.tsv,/Users/macbookair/ds006110/derivatives/fmriprep-22.0.2/sub-PC224/ses-02/func/sub-PC224_ses-02_task-rest_run-1_space-MNI152NLin2009cAsym_desc-brain_mask.nii.gz,False,False,False,True
sub-PC225,ses-01,task-rest,run-1,/Users/macbookair/ds006110/derivatives/fmriprep-22.0.2/sub-PC225/ses-01/func/sub-PC225_ses-01_task-rest_run-1_space-MNI152NLin2009cAsym_desc-preproc_bold.nii.gz,/Users/macbookair/ds006110/derivatives/fmriprep-22.0.2/sub-PC225/ses-01/func/sub-PC225_ses-01_task-rest_run-1_desc-confounds_timeseries.tsv,/Users/macbookair/ds006110/derivatives/fmriprep-22.0.2/sub-PC225/ses-01/func/sub-PC225_ses-01_task-rest_run-1_space-MNI152NLin2009cAsym_desc-brain_mask.nii.gz,False,False,False,True
sub-PC225,ses-02,task-rest,run-1,/Users/macbookair/ds006110/derivatives/fmriprep-22.0.2/sub-PC225/ses-02/func/sub-PC225_ses-02_task-rest_run-1_space-MNI152NLin2009cAsym_desc-preproc_bold.nii.gz,/Users/macbookair/ds006110/derivatives/fmriprep-22.0.2/sub-PC225/ses-02/func/sub-PC225_ses-02_task-rest_run-1_desc-confounds_timeseries.tsv,/Users/macbookair/ds006110/derivatives/fmriprep-22.0.2/sub-PC225/ses-02/func/sub-PC225_ses-02_task-rest_run-1_space-MNI152NLin2009cAsym_desc-brain_mask.nii.gz,False,False,False,True
sub-PC226,ses-01,task-rest,run-1,/Users/macbookair/ds006110/derivatives/fmriprep-22.0.2/sub-PC226/ses-01/func/sub-PC226_ses-01_task-rest_run-1_space-MNI152NLin2009cAsym_desc-preproc_bold.nii.gz,/Users/macbookair/ds006110/derivatives/fmriprep-22.0.2/sub-PC226/ses-01/func/sub-PC226_ses-01_task-rest_run-1_desc-confounds_timeseries.tsv,/Users/macbookair/ds006110/derivatives/fmriprep-22.0.2/sub-PC226/ses-01/func/sub-PC226_ses-01_task-rest_run-1_space-MNI152NLin2009cAsym_desc-brain_mask.nii.gz,False,False,False,True
sub-PC226,ses-02,task-rest,run-1,/Users/macbookair/ds006110/derivatives/fmriprep-22.0.2/sub-PC226/ses-02/func/sub-PC226_ses-02_task-rest_run-1_space-MNI152NLin2009cAsym_desc-preproc_bold.nii.gz,/Users/macbookair/ds006110/derivatives/fmriprep-22.0.2/sub-PC226/ses-02/func/sub-PC226_ses-02_task-rest_run-1_desc-confounds_timeseries.tsv,/Users/macbookair/ds006110/derivatives/fmriprep-22.0.2/sub-PC226/ses-02/func/sub-PC226_ses-02_task-rest_run-1_space-MNI152NLin2009cAsym_desc-brain_mask.nii.gz,False,False,False,True
sub-PC227,ses-01,task-rest,run-1,/Users/macbookair/ds006110/derivatives/fmriprep-22.0.2/sub-PC227/ses-01/func/sub-PC227_ses-01_task-rest_run-1_space-MNI152NLin2009cAsym_desc-preproc_bold.nii.gz,/Users/macbookair/ds006110/derivatives/fmriprep-22.0.2/sub-PC227/ses-01/func/sub-PC227_ses-01_task-rest_run-1_desc-confounds_timeseries.tsv,/Users/macbookair/ds006110/derivatives/fmriprep-22.0.2/sub-PC227/ses-01/func/sub-PC227_ses-01_task-rest_run-1_space-MNI152NLin2009cAsym_desc-brain_mask.nii.gz,False,False,False,True
sub-PC227,ses-02,task-rest,run-1,/Users/macbookair/ds006110/derivatives/fmriprep-22.0.2/sub-PC227/ses-02/func/sub-PC227_ses-02_task-rest_run-1_space-MNI152NLin2009cAsym_desc-preproc_bold.nii.gz,/Users/macbookair/ds006110/derivatives/fmriprep-22.0.2/sub-PC227/ses-02/func/sub-PC227_ses-02_task-rest_run-1_desc-confounds_timeseries.tsv,/Users/macbookair/ds006110/derivatives/fmriprep-22.0.2/sub-PC227/ses-02/func/sub-PC227_ses-02_task-rest_run-1_space-MNI152NLin2009cAsym_desc-brain_mask.nii.gz,False,False,False,True
sub-PC228,ses-01,task-rest,run-1,/Users/macbookair/ds006110/derivatives/fmriprep-22.0.2/sub-PC228/ses-01/func/sub-PC228_ses-01_task-rest_run-1_space-MNI152NLin2009cAsym_desc-preproc_bold.nii.gz,/Users/macbookair/ds006110/derivatives/fmriprep-22.0.2/sub-PC228/ses-01/func/sub-PC228_ses-01_task-rest_run-1_desc-confounds_timeseries.tsv,/Users/macbookair/ds006110/derivatives/fmriprep-22.0.2/sub-PC228/ses-01/func/sub-PC228_ses-01_task-rest_run-1_space-MNI152NLin2009cAsym_desc-brain_mask.nii.gz,False,False,False,True
sub-PC228,ses-02,task-rest,run-1,/Users/macbookair/ds006110/derivatives/fmriprep-22.0.2/sub-PC228/ses-02/func/sub-PC228_ses-02_task-rest_run-1_space-MNI152NLin2009cAsym_desc-preproc_bold.nii.gz,/Users/macbookair/ds006110/derivatives/fmriprep-22.0.2/sub-PC228/ses-02/func/sub-PC228_ses-02_task-rest_run-1_desc-confounds_timeseries.tsv,/Users/macbookair/ds006110/derivatives/fmriprep-22.0.2/sub-PC228/ses-02/func/sub-PC228_ses-02_task-rest_run-1_space-MNI152NLin2009cAsym_desc-brain_mask.nii.gz,False,False,False,True
sub-PC229,ses-01,task-rest,run-1,/Users/macbookair/ds006110/derivatives/fmriprep-22.0.2/sub-PC229/ses-01/func/sub-PC229_ses-01_task-rest_run-1_space-MNI152NLin2009cAsym_desc-preproc_bold.nii.gz,/Users/macbookair/ds006110/derivatives/fmriprep-22.0.2/sub-PC229/ses-01/func/sub-PC229_ses-01_task-rest_run-1_desc-confounds_timeseries.tsv,/Users/macbookair/ds006110/derivatives/fmriprep-22.0.2/sub-PC229/ses-01/func/sub-PC229_ses-01_task-rest_run-1_space-MNI152NLin2009cAsym_desc-brain_mask.nii.gz,False,False,False,True
sub-PC229,ses-02,task-rest,run-1,/Users/macbookair/ds006110/derivatives/fmriprep-22.0.2/sub-PC229/ses-02/func/sub-PC229_ses-02_task-rest_run-1_space-MNI152NLin2009cAsym_desc-preproc_bold.nii.gz,/Users/macbookair/ds006110/derivatives/fmriprep-22.0.2/sub-PC229/ses-02/func/sub-PC229_ses-02_task-rest_run-1_desc-confounds_timeseries.tsv,/Users/macbookair/ds006110/derivatives/fmriprep-22.0.2/sub-PC229/ses-02/func/sub-PC229_ses-02_task-rest_run-1_space-MNI152NLin2009cAsym_desc-brain_mask.nii.gz,False,False,False,True
sub-PC230,ses-01,task-rest,run-1,/Users/macbookair/ds006110/derivatives/fmriprep-22.0.2/sub-PC230/ses-01/func/sub-PC230_ses-01_task-rest_run-1_space-MNI152NLin2009cAsym_desc-preproc_bold.nii.gz,/Users/macbookair/ds006110/derivatives/fmriprep-22.0.2/sub-PC230/ses-01/func/sub-PC230_ses-01_task-rest_run-1_desc-confounds_timeseries.tsv,/Users/macbookair/ds006110/derivatives/fmriprep-22.0.2/sub-PC230/ses-01/func/sub-PC230_ses-01_task-rest_run-1_space-MNI152NLin2009cAsym_desc-brain_mask.nii.gz,False,False,False,True
sub-PC230,ses-02,task-rest,run-1,/Users/macbookair/ds006110/derivatives/fmriprep-22.0.2/sub-PC230/ses-02/func/sub-PC230_ses-02_task-rest_run-1_space-MNI152NLin2009cAsym_desc-preproc_bold.nii.gz,/Users/macbookair/ds006110/derivatives/fmriprep-22.0.2/sub-PC230/ses-02/func/sub-PC230_ses-02_task-rest_run-1_desc-confounds_timeseries.tsv,/Users/macbookair/ds006110/derivatives/fmriprep-22.0.2/sub-PC230/ses-02/func/sub-PC230_ses-02_task-rest_run-1_space-MNI152NLin2009cAsym_desc-brain_mask.nii.gz,False,False,False,True
sub-PC231,ses-01,task-rest,run-1,/Users/macbookair/ds006110/derivatives/fmriprep-22.0.2/sub-PC231/ses-01/func/sub-PC231_ses-01_task-rest_run-1_space-MNI152NLin2009cAsym_desc-preproc_bold.nii.gz,/Users/macbookair/ds006110/derivatives/fmriprep-22.0.2/sub-PC231/ses-01/func/sub-PC231_ses-01_task-rest_run-1_desc-confounds_timeseries.tsv,/Users/macbookair/ds006110/derivatives/fmriprep-22.0.2/sub-PC231/ses-01/func/sub-PC231_ses-01_task-rest_run-1_space-MNI152NLin2009cAsym_desc-brain_mask.nii.gz,False,False,False,True
sub-PC231,ses-02,task-rest,run-1,/Users/macbookair/ds006110/derivatives/fmriprep-22.0.2/sub-PC231/ses-02/func/sub-PC231_ses-02_task-rest_run-1_space-MNI152NLin2009cAsym_desc-preproc_bold.nii.gz,/Users/macbookair/ds006110/derivatives/fmriprep-22.0.2/sub-PC231/ses-02/func/sub-PC231_ses-02_task-rest_run-1_desc-confounds_timeseries.tsv,/Users/macbookair/ds006110/derivatives/fmriprep-22.0.2/sub-PC231/ses-02/func/sub-PC231_ses-02_task-rest_run-1_space-MNI152NLin2009cAsym_desc-brain_mask.nii.gz,False,False,False,True
sub-PC232,ses-01,task-rest,run-1,/Users/macbookair/ds006110/derivatives/fmriprep-22.0.2/sub-PC232/ses-01/func/sub-PC232_ses-01_task-rest_run-1_space-MNI152NLin2009cAsym_desc-preproc_bold.nii.gz,/Users/macbookair/ds006110/derivatives/fmriprep-22.0.2/sub-PC232/ses-01/func/sub-PC232_ses-01_task-rest_run-1_desc-confounds_timeseries.tsv,/Users/macbookair/ds006110/derivatives/fmriprep-22.0.2/sub-PC232/ses-01/func/sub-PC232_ses-01_task-rest_run-1_space-MNI152NLin2009cAsym_desc-brain_mask.nii.gz,False,False,False,True
sub-PC233,ses-01,task-rest,run-1,/Users/macbookair/ds006110/derivatives/fmriprep-22.0.2/sub-PC233/ses-01/func/sub-PC233_ses-01_task-rest_run-1_space-MNI152NLin2009cAsym_desc-preproc_bold.nii.gz,/Users/macbookair/ds006110/derivatives/fmriprep-22.0.2/sub-PC233/ses-01/func/sub-PC233_ses-01_task-rest_run-1_desc-confounds_timeseries.tsv,/Users/macbookair/ds006110/derivatives/fmriprep-22.0.2/sub-PC233/ses-01/func/sub-PC233_ses-01_task-rest_run-1_space-MNI152NLin2009cAsym_desc-brain_mask.nii.gz,False,False,False,True
sub-PC233,ses-02,task-rest,run-1,/Users/macbookair/ds006110/derivatives/fmriprep-22.0.2/sub-PC233/ses-02/func/sub-PC233_ses-02_task-rest_run-1_space-MNI152NLin2009cAsym_desc-preproc_bold.nii.gz,/Users/macbookair/ds006110/derivatives/fmriprep-22.0.2/sub-PC233/ses-02/func/sub-PC233_ses-02_task-rest_run-1_desc-confounds_timeseries.tsv,/Users/macbookair/ds006110/derivatives/fmriprep-22.0.2/sub-PC233/ses-02/func/sub-PC233_ses-02_task-rest_run-1_space-MNI152NLin2009cAsym_desc-brain_mask.nii.gz,False,False,False,True
